tchr,g,uid,pr_raw,pr_prcnt,(1.MD.UR_L)r,(2.MD.UR.pr)r,(3.MD.UR.pr) r   ,(5.MS.UR.pr)r,(6.MS.UR.pr)r,(7.MS.UR.pr)r,(10.MD.NUR.pr)r,(11.MD.NUR.pr)r ,(12.MD.NUR_L)r ,(14.MS.NUR.pr)r   ,(15.MS.NUR.pr)r   ,(16.MS.NUR_L)r  ,(19.ND.NUR.pr)r   ,(20.ND.NUR.pr)r  ,(21.ND.NUR_L)r   ,(25.NS.NUR.pr)r   ,(26.NS.NUR.pr)r   ,(27.NS.NUR.pr)r  ,(32.MT.UR.pr)r   ,(33.MT.UR.pr)r  ,(34.MT.UR_L)r  ,(38.MT.NUR.pr)r ,(39.MT.NUR.pr)r  ,(40.MT.NUR_L)r 
Mr. Wierzbinski,6,8690,5,20.80%,1,0,0,1,1,1,0,0,0,0,0,0,0,0,1,0,0,0,0,0,0,0,0,0
Ms. Geyer,6,8358,17,70.80%,1,1,1,1,1,1,0,0,0,0,1,0,1,1,1,1,1,1,1,1,1,0,1,0
Ms. Jander,3,8406,1,4.20%,1,0,0,0,0,0,0,0,0,0,0,0,0,0,0,0,0,0,0,0,0,0,0,0
Ms. Jander,3,8409,6,25.00%,1,0,0,0,0,1,0,1,1,0,0,0,0,0,0,0,0,1,1,0,0,0,0,0
Ms. Jander,3,1111,8,33.30%,1,1,1,1,1,1,0,1,1,0,0,0,0,0,0,0,0,0,0,0,0,0,0,0
Ms. Novack,6,8528,17,70.80%,1,1,1,1,1,1,1,1,1,0,0,1,1,1,0,0,0,1,1,1,1,0,1,0
Mr. Clayton,5,8589,1,4.20%,0,0,1,0,0,0,0,0,0,0,0,0,0,0,0,0,0,0,0,0,0,0,0,0
Mr. Clayton,4,8611,0,0.00%,0,0,0,0,0,0,0,0,0,0,0,0,0,0,0,0,0,0,0,0,0,0,0,0
Ms. Novack,7,8640,17,70.80%,1,0,1,1,1,1,1,1,1,0,0,0,1,1,1,1,0,1,1,1,1,0,1,0
Ms. Novack,6,8642,18,75.00%,1,1,1,1,0,1,1,1,1,1,1,1,1,0,1,1,0,1,1,1,1,0,0,0
Ms. Novack,7,1112,18,75.00%,1,1,1,1,0,1,1,1,1,1,1,1,1,0,1,1,0,1,1,1,1,0,0,0
Mr. Wierzbinski,5,8670,12,50.00%,1,0,1,1,1,1,0,0,1,0,0,1,0,1,1,1,0,1,0,0,0,0,1,0
Mr. Wierzbinski,5,8671,6,25.00%,0,1,0,1,1,1,0,0,0,0,0,0,0,0,0,0,0,1,0,1,0,0,0,0
Mr. Wierzbinski,5,1113,5,20.80%,0,0,0,1,1,1,0,0,0,0,0,0,0,0,0,0,0,1,0,1,0,0,0,0
Mr. Wierzbinski,6,8672,3,12.50%,1,0,0,0,1,1,0,0,0,0,0,0,0,0,0,0,0,0,0,0,0,0,0,0
Mr. Wierzbinski,6,8677,6,25.00%,1,1,1,1,1,1,0,0,0,0,0,0,0,0,0,0,0,0,0,0,0,0,0,0
Mr. Wierzbinski,5,8679,6,25.00%,1,1,1,1,0,1,0,0,0,0,0,0,0,1,0,0,0,0,0,0,0,0,0,0
Mr. Wierzbinski,5,8680,6,25.00%,1,1,1,1,1,1,0,0,0,0,0,0,0,0,0,0,0,0,0,0,0,0,0,0
Mr. Wierzbinski,5,8681,0,0.00%,0,0,0,0,0,0,0,0,0,0,0,0,0,0,0,0,0,0,0,0,0,0,0,0
Mr. Wierzbinski,6,8684,1,4.20%,1,0,0,0,0,0,0,0,0,0,0,0,0,0,0,0,0,0,0,0,0,0,0,0
Mr. Wierzbinski,5,8688,0,0.00%,0,0,0,0,0,0,0,0,0,0,0,0,0,0,0,0,0,0,0,0,0,0,0,0
Mr. Clayton,6,8690,1,4.20%,1,0,0,0,0,0,0,0,0,0,0,0,0,0,0,0,0,0,0,0,0,0,0,0
Mr. Wierzbinski,5,8691,5,20.80%,1,1,0,1,1,1,0,0,0,0,0,0,0,0,0,0,0,0,0,0,0,0,0,0
Mr. Wierzbinski,5,8692,0,0.00%,0,0,0,0,0,0,0,0,0,0,0,0,0,0,0,0,0,0,0,0,0,0,0,0
Mr. Wierzbinski,5,8693,3,12.50%,0,1,1,0,0,1,0,0,0,0,0,0,0,0,0,0,0,0,0,0,0,0,0,0
Ms. Pearson,8,8976,21,87.50%,1,1,1,1,1,1,1,0,1,0,1,1,1,1,1,1,1,1,1,1,1,1,1,0
Ms. Pearson,8,8978,22,91.70%,1,1,1,1,1,1,1,1,0,1,1,1,1,1,1,1,1,1,1,1,0,1,1,1
Ms. Pearson,8,8984,21,87.50%,1,1,1,1,1,1,0,1,1,0,1,1,1,1,1,1,1,1,1,0,1,1,1,1
Ms. Pearson,8,8992,18,75.00%,1,1,1,1,1,1,0,1,1,0,0,1,1,1,1,1,0,1,1,1,1,1,0,0
Ms. Pearson,8,8994,23,95.80%,1,1,1,1,1,1,1,1,1,1,1,0,1,1,1,1,1,1,1,1,1,1,1,1
Ms. Pearson,8,8996,13,54.20%,1,1,1,1,1,0,0,1,1,0,1,0,0,1,0,0,0,1,1,1,1,0,0,0
Ms. Pearson,8,8998,2,8.30%,1,0,0,0,0,0,0,0,0,0,0,0,0,0,0,0,0,1,0,0,0,0,0,0
Ms. Pearson,2,9000,10,41.70%,1,1,0,1,1,1,1,1,0,0,0,0,0,0,0,0,0,0,1,1,1,0,0,0
Ms. Pearson,8,9002,15,62.50%,1,1,1,1,1,1,0,0,0,1,1,1,0,0,1,1,1,1,0,0,1,0,0,1
Ms. Pearson,8,9004,13,54.20%,1,1,1,0,1,1,0,0,0,0,0,1,0,1,1,0,1,1,0,1,1,1,0,0
Ms. Pearson,8,9006,18,75.00%,1,1,1,1,1,1,1,1,1,0,1,0,1,1,1,1,0,1,1,1,1,0,0,0
Ms. Pearson,8,9008,11,45.80%,1,1,1,1,1,1,0,0,0,0,0,0,0,0,1,0,1,1,1,0,1,0,0,0
Ms. Pearson,8,9010,17,70.80%,1,1,1,1,1,1,0,1,1,0,1,0,1,1,1,1,0,1,1,1,1,0,0,0
Ms. Pearson,7,9018,19,79.20%,1,1,1,1,1,1,1,0,1,0,1,1,1,1,1,0,1,1,1,0,1,1,1,0
Ms. Pearson,7,9020,4,16.70%,0,0,0,1,1,1,0,0,0,0,0,0,0,0,0,0,0,0,0,1,0,0,0,0
Ms. Pearson,7,9022,24,100.00%,1,1,1,1,1,1,1,1,1,1,1,1,1,1,1,1,1,1,1,1,1,1,1,1
Ms. Pearson,7,9024,22,91.70%,1,1,1,1,1,1,1,0,1,0,1,1,1,1,1,1,1,1,1,1,1,1,1,1
Ms. Pearson,7,9028,17,70.80%,1,1,1,1,1,1,0,1,1,0,0,0,0,1,1,0,1,1,1,1,1,1,1,0
Ms. Pearson,8,9030,5,20.80%,1,0,0,1,1,1,0,0,0,0,0,0,0,0,0,0,0,0,0,0,0,1,0,0
Ms. Pearson,7,9032,16,66.70%,1,1,1,1,1,1,0,1,1,0,0,0,0,1,1,0,1,1,1,1,1,1,0,0
Ms. Pearson,8,9048,14,58.30%,1,0,1,1,1,1,0,1,0,0,0,0,1,1,1,1,0,1,1,1,1,0,0,0
Ms. Pearson,8,9054,16,66.70%,1,1,1,0,1,1,0,0,1,0,1,1,1,1,1,0,1,0,0,1,1,0,1,1
Ms. Pearson,8,9056,10,41.70%,1,0,1,1,1,1,0,0,0,0,0,0,0,1,1,0,1,1,0,0,0,0,1,0
Ms. Pearson,8,9058,6,25.00%,1,1,1,0,0,0,1,0,0,0,0,1,0,0,0,0,0,0,0,0,0,1,0,0
Ms. Pearson,8,9062,16,66.70%,1,0,0,1,1,1,1,1,0,1,1,1,1,1,1,0,0,0,1,0,0,1,1,1
Ms. Pearson,8,9064,13,54.20%,1,1,1,1,0,1,0,1,1,1,0,0,1,1,1,1,0,1,0,0,0,0,0,0
Ms. Pearson,8,9132,3,12.50%,0,0,0,0,1,1,0,0,0,0,0,0,0,0,0,0,1,0,0,0,0,0,0,0
Ms. Pearson,8,9140,23,95.80%,1,1,1,1,1,1,1,1,1,1,1,1,1,1,1,1,1,1,1,1,1,1,1,0
Ms. Pearson,8,9150,17,70.80%,1,1,1,1,1,1,1,0,1,1,1,0,0,1,1,1,0,0,1,1,1,0,1,0
Ms. Pearson,8,9152,0,0.00%,0,0,0,0,0,0,0,0,0,0,0,0,0,0,0,0,0,0,0,0,0,0,0,0
Mr. Peterson,8,9162,0,0.00%,0,0,0,0,0,0,0,0,0,0,0,0,0,0,0,0,0,0,0,0,0,0,0,0
Ms. Trombino,6,8259,19,79.20%,1,1,1,1,1,1,1,1,1,0,1,0,1,1,1,1,0,1,1,1,1,1,0,0
Ms. Trombino,6,8260,11,45.80%,1,1,0,1,1,1,0,1,0,0,0,0,1,0,1,1,0,0,0,1,1,0,0,0
Ms. Trombino,6,8261,13,54.20%,1,1,1,1,1,1,1,1,1,0,1,1,0,0,1,1,0,0,0,0,0,0,0,0
Ms. Trombino,6,8263,15,62.50%,1,1,1,0,1,0,1,1,1,0,1,1,0,1,0,1,1,1,0,0,1,1,0,0
Ms. Trombino,6,8264,15,62.50%,1,1,1,1,1,1,1,0,1,1,0,1,0,0,1,1,0,1,1,1,0,0,0,0
Ms. Trombino,6,8265,23,95.80%,1,1,1,1,1,1,1,1,1,1,1,1,1,1,1,1,1,1,1,1,1,1,0,1
Ms. Trombino,6,8266,10,41.70%,1,0,1,1,1,1,0,0,1,0,1,0,0,0,0,0,0,1,0,1,1,0,0,0
Ms. Trombino,6,8267,17,70.80%,1,1,1,1,1,1,1,1,1,0,0,0,1,1,1,1,0,1,1,1,1,0,0,0
Ms. Trombino,6,8268,11,45.80%,1,1,1,1,1,1,0,0,1,0,0,0,0,0,1,0,0,1,1,0,1,0,0,0
Ms. Trombino,6,8269,8,33.30%,1,1,1,0,1,1,0,0,0,0,0,0,0,1,1,0,0,0,0,0,1,0,0,0
Ms. Trombino,6,8270,20,83.30%,1,1,1,1,1,1,0,0,1,1,1,1,1,1,1,1,1,1,1,1,1,0,1,0
Ms. Trombino,6,8272,14,58.30%,1,1,1,1,1,1,0,0,0,0,0,1,1,1,1,0,0,1,1,1,1,0,0,0
Ms. Trombino,6,8273,17,70.80%,1,1,1,1,1,1,1,1,1,1,1,1,1,1,0,0,1,1,0,0,0,1,0,0
Ms. Trombino,6,8274,13,54.20%,1,1,1,1,1,1,0,1,0,1,1,0,0,0,0,0,0,1,1,1,1,0,0,0
Ms. Trombino,6,8275,23,95.80%,1,1,1,1,1,1,1,1,1,1,1,1,1,1,1,1,1,1,1,1,1,1,1,0
Ms. Trombino,6,8276,21,87.50%,1,1,1,1,0,1,1,1,1,1,0,0,1,1,1,1,1,1,1,1,1,1,1,1
Ms. Trombino,6,8277,11,45.80%,1,1,1,1,1,1,0,1,1,0,1,0,0,1,0,0,0,0,0,0,1,0,0,0
Ms. Trombino,6,8278,21,87.50%,1,1,1,1,1,1,1,1,1,1,1,0,1,1,1,1,1,1,0,1,1,1,0,1
Ms. Trombino,6,8279,24,100.00%,1,1,1,1,1,1,1,1,1,1,1,1,1,1,1,1,1,1,1,1,1,1,1,1
Ms. Trombino,6,8280,12,50.00%,1,1,1,1,1,1,0,0,0,0,0,0,1,1,1,1,1,1,0,0,0,0,0,0
Ms. Trombino,6,8281,5,20.80%,1,1,1,0,0,1,0,1,0,0,0,0,0,0,0,0,0,0,0,0,0,0,0,0
Ms. Trombino,6,8282,8,33.30%,1,1,1,1,1,1,0,1,0,0,0,0,0,0,0,0,0,0,0,1,0,0,0,0
Ms. Trombino,6,8283,7,29.20%,1,1,1,0,0,1,0,0,1,1,0,1,0,0,0,0,0,0,0,0,0,0,0,0
Ms. Trombino,6,8284,17,70.80%,1,1,1,1,1,1,1,1,1,1,1,1,0,0,1,0,0,1,1,1,1,0,0,0
Ms. Trombino,6,8285,5,20.80%,1,1,1,1,0,1,0,0,0,0,0,0,0,0,0,0,0,0,0,0,0,0,0,0
Ms. Trombino,6,8286,19,79.20%,1,1,1,1,1,1,1,1,1,1,1,0,1,0,0,1,1,1,1,1,1,0,1,0
Ms. Trombino,6,8287,19,79.20%,1,1,1,1,1,1,0,1,1,1,0,1,1,1,1,1,1,1,1,1,1,0,0,0
Ms. Trombino,6,8288,13,54.20%,1,1,1,1,0,1,0,0,1,0,1,1,0,0,1,0,1,1,1,0,1,0,0,0
Ms. Trombino,6,8289,18,75.00%,1,1,1,1,1,1,0,0,0,0,1,0,1,1,1,1,1,1,1,1,1,1,0,1
Ms. Trombino,6,8290,20,83.30%,1,1,1,1,1,1,1,1,1,1,1,0,1,1,1,0,1,1,1,1,1,0,1,0
Ms. Trombino,6,8292,4,16.70%,1,0,0,1,1,1,0,0,0,0,0,0,0,0,0,0,0,0,0,0,0,0,0,0
Ms. Trombino,6,8293,17,70.80%,1,1,1,1,1,1,1,1,0,0,0,0,1,1,1,0,0,0,1,1,1,1,1,1
Ms. Trombino,6,8294,23,95.80%,1,1,1,1,1,1,1,1,1,1,1,1,1,1,1,0,1,1,1,1,1,1,1,1
Ms. Trombino,6,8295,13,54.20%,1,1,1,1,1,1,0,1,1,1,1,1,0,0,1,0,0,1,0,0,0,0,0,0
Ms. Trombino,6,8296,9,37.50%,1,1,1,1,0,1,0,0,0,0,0,0,1,0,1,1,0,1,0,0,0,0,0,0
Ms. Trombino,6,8297,23,95.80%,1,1,1,1,1,1,1,1,1,0,1,1,1,1,1,1,1,1,1,1,1,1,1,1
Ms. Trombino,6,8298,21,87.50%,1,1,1,1,1,1,1,1,1,0,0,1,1,1,1,1,1,1,1,1,1,1,1,0
Ms. Trombino,6,8299,18,75.00%,1,1,1,1,1,1,1,1,1,0,0,1,1,1,1,1,1,0,1,1,1,0,0,0
Ms. Trombino,6,8300,2,8.30%,0,1,0,0,0,0,0,1,0,0,0,0,0,0,0,0,0,0,0,0,0,0,0,0
Ms. Trombino,6,8301,17,70.80%,1,1,1,1,1,1,1,1,1,0,0,0,0,1,1,1,0,1,1,0,1,0,1,1
Ms. Trombino,6,8302,10,41.70%,1,1,0,1,1,1,0,0,0,0,0,0,0,1,1,0,0,0,1,1,1,0,0,0
Ms. Trombino,6,8304,17,70.80%,1,1,1,1,1,1,0,1,1,0,1,0,1,1,0,0,1,1,1,1,1,0,0,1
Ms. Trombino,6,8305,22,91.70%,1,1,1,1,1,1,1,1,1,1,1,1,1,1,1,1,1,1,1,1,1,0,1,0
Ms. Trombino,6,8306,19,79.20%,1,1,1,1,1,0,1,1,1,1,1,1,1,1,1,1,0,1,1,1,1,0,0,0
Ms. Trombino,6,8307,19,79.20%,1,1,1,1,1,1,1,1,1,1,1,1,1,1,1,0,1,1,1,0,1,0,0,0
Ms. Trombino,6,8308,21,87.50%,1,1,1,1,1,1,1,1,1,1,1,1,1,1,1,1,0,1,1,1,1,0,1,0
Ms. Trombino,6,8309,21,87.50%,1,1,1,1,1,1,1,1,1,0,1,1,1,0,1,1,1,1,1,1,1,1,0,1
Ms. Trombino,6,8310,16,66.70%,1,1,1,1,1,1,0,1,0,0,0,0,1,1,1,1,1,1,1,1,0,0,1,0
Ms. Trombino,6,8311,17,70.80%,1,1,1,1,1,1,0,1,1,0,0,0,1,1,1,1,1,1,1,1,1,0,0,0
Ms. Trombino,6,8312,21,87.50%,1,1,1,1,1,1,0,1,0,1,1,1,1,1,1,0,1,1,1,1,1,1,1,1
Ms. Trombino,9,8313,10,41.70%,1,1,1,1,1,1,0,0,1,1,1,1,0,0,0,0,0,0,0,0,0,0,0,0
Ms. Trombino,6,8314,7,29.20%,1,1,1,1,1,1,0,0,0,0,0,0,0,0,0,0,0,0,1,0,0,0,0,0
Ms. Trombino,6,8315,19,79.20%,1,1,1,1,1,1,1,1,1,1,0,1,1,1,1,1,1,0,1,1,1,0,0,0
Ms. Trombino,6,8316,21,87.50%,1,1,1,1,1,1,1,1,1,1,1,1,1,1,1,1,1,1,1,1,1,0,0,0
Ms. Trombino,6,8317,17,70.80%,1,1,1,1,1,1,1,1,1,0,1,0,1,1,1,1,0,1,0,1,1,0,0,0
Ms. Trombino,6,8318,17,70.80%,1,1,1,1,1,1,1,0,1,0,0,0,1,1,1,1,0,1,1,1,1,0,1,0
Ms. Adams,6,8319,0,0.00%,0,0,0,0,0,0,0,0,0,0,0,0,0,0,0,0,0,0,0,0,0,0,0,0
Ms. Trombino,2,8320,5,20.80%,1,1,1,1,0,1,0,0,0,0,0,0,0,0,0,0,0,0,0,0,0,0,0,0
Ms. Trombino,6,8321,16,66.70%,1,1,1,1,0,0,1,1,1,1,1,1,1,1,1,0,0,0,1,1,1,0,0,0
Ms. Trombino,6,8322,10,41.70%,1,1,1,1,1,1,0,1,1,0,0,0,0,1,0,0,0,1,0,0,0,0,0,0
Ms. Trombino,6,8323,2,8.30%,0,0,0,0,0,0,0,0,0,0,0,0,0,0,1,0,0,0,0,0,0,0,1,0
Ms. Trombino,6,8325,22,91.70%,1,1,1,1,1,1,1,1,1,1,1,1,0,0,1,1,1,1,1,1,1,1,1,1
Ms. Trombino,6,8326,24,100.00%,1,1,1,1,1,1,1,1,1,1,1,1,1,1,1,1,1,1,1,1,1,1,1,1
Ms. Trombino,6,8327,23,95.80%,1,1,1,1,1,1,1,1,1,1,1,1,1,1,1,1,0,1,1,1,1,1,1,1
Ms. Trombino,6,8328,19,79.20%,1,1,1,1,1,1,1,1,1,1,1,0,1,1,1,0,0,1,1,1,1,1,0,0
Ms. Trombino,6,8329,22,91.70%,1,1,1,1,1,1,1,1,1,1,1,1,1,1,1,1,1,1,0,1,1,1,0,1
Ms. Trombino,6,8330,15,62.50%,1,1,1,1,1,1,0,1,1,0,0,0,1,1,1,0,0,1,1,1,1,0,0,0
Ms. Trombino,6,8331,3,12.50%,0,0,1,1,0,1,0,0,0,0,0,0,0,0,0,0,0,0,0,0,0,0,0,0
Ms. Trombino,6,8332,24,100.00%,1,1,1,1,1,1,1,1,1,1,1,1,1,1,1,1,1,1,1,1,1,1,1,1
Ms. Trombino,6,8333,22,91.70%,1,1,1,1,0,1,1,1,1,1,1,0,1,1,1,1,1,1,1,1,1,1,1,1
Ms. Trombino,6,8334,21,87.50%,1,1,1,1,1,1,1,1,1,1,1,1,1,1,1,0,0,1,1,1,1,1,1,0
Ms. Trombino,6,8335,6,25.00%,0,1,0,1,1,1,0,1,0,0,0,0,0,0,0,0,0,0,1,0,0,0,0,0
Ms. Trombino,6,8336,8,33.30%,1,1,0,1,1,1,0,0,0,0,0,0,0,0,0,0,0,1,1,0,0,0,0,1
Ms. Trombino,6,8337,6,25.00%,0,1,0,1,1,1,0,1,0,0,0,0,0,0,1,0,0,0,0,0,0,0,0,0
Ms. Trombino,6,8338,16,66.70%,1,1,1,1,1,1,0,0,0,0,0,0,0,1,1,1,1,1,1,1,1,0,1,1
Ms. Trombino,6,8339,9,37.50%,1,1,1,1,1,1,0,0,0,0,0,0,0,0,0,0,0,1,1,0,1,0,0,0
Ms. Trombino,6,8340,21,87.50%,1,1,1,1,1,1,1,1,1,1,1,1,1,1,1,1,1,1,1,0,1,0,1,0
Ms. Trombino,6,8341,21,87.50%,1,1,1,1,1,1,1,1,1,1,1,1,1,1,1,1,1,1,1,0,0,0,1,1
Ms. Trombino,6,8342,19,79.20%,1,1,1,1,1,1,1,1,1,1,1,0,1,0,1,1,0,1,1,1,1,0,1,0
Ms. Trombino,6,8343,18,75.00%,1,1,1,1,1,1,0,1,0,0,0,1,1,1,1,1,1,1,1,1,1,0,1,0
Ms. Trombino,6,8344,10,41.70%,1,1,1,1,1,1,0,0,0,0,0,0,0,1,0,0,0,1,0,1,1,0,0,0
Ms. Trombino,6,8345,13,54.20%,1,1,1,1,1,1,0,0,1,0,0,1,1,0,1,1,0,1,0,1,0,0,0,0
Ms. Trombino,6,8346,5,20.80%,1,0,1,0,1,1,0,0,0,0,0,0,0,0,0,0,0,1,0,0,0,0,0,0
Ms. Trombino,6,8347,6,25.00%,1,1,1,1,1,1,0,0,0,0,0,0,0,0,0,0,0,0,0,0,0,0,0,0
Ms. Geyer,6,8348,18,75.00%,1,1,1,1,1,1,1,1,1,0,1,1,0,0,1,1,0,1,0,1,1,1,1,0
Ms. Geyer,6,8349,10,41.70%,1,1,1,1,1,1,0,0,0,0,1,1,0,0,1,0,0,0,0,1,0,0,0,0
Ms. Geyer,6,8350,24,100.00%,1,1,1,1,1,1,1,1,1,1,1,1,1,1,1,1,1,1,1,1,1,1,1,1
Ms. Geyer,6,8351,11,45.80%,1,1,1,1,1,1,1,1,1,0,0,0,0,1,0,0,0,0,0,1,0,0,0,0
Ms. Geyer,6,8352,22,91.70%,1,1,1,1,1,1,1,1,0,1,1,1,1,1,1,1,1,1,1,1,1,1,1,0
Ms. Geyer,6,8353,12,50.00%,1,1,1,1,1,1,1,1,1,1,0,1,0,0,0,0,1,0,0,0,0,0,0,0
Ms. Geyer,6,8354,21,87.50%,1,1,1,1,1,1,1,1,1,0,1,1,1,1,1,0,1,1,1,1,1,0,1,1
Ms. Geyer,6,8355,10,41.70%,1,1,1,1,0,1,0,1,1,0,0,0,1,1,0,0,0,0,1,0,0,0,0,0
Ms. Geyer,6,8356,18,75.00%,1,1,1,1,1,1,1,1,1,1,1,1,1,1,1,0,0,1,1,1,0,0,0,0
Ms. Geyer,6,8359,10,41.70%,1,1,0,0,1,1,0,0,0,0,0,0,0,1,0,1,0,1,1,1,1,0,0,0
Ms. Trombino,6,8360,20,83.30%,1,1,1,1,1,1,1,1,1,0,0,0,1,1,1,1,1,1,1,1,1,1,1,0
Ms. Trombino,6,8361,17,70.80%,1,1,1,1,1,1,1,1,1,0,0,0,1,0,1,0,1,1,1,1,1,0,1,0
Ms. Trombino,6,8363,19,79.20%,1,1,1,1,1,1,1,1,1,1,1,1,0,1,1,1,1,1,0,1,1,0,0,0
Ms. Trombino,6,8364,10,41.70%,1,1,1,1,0,1,1,1,1,0,0,0,0,1,1,0,0,0,0,0,0,0,0,0
Ms. Trombino,6,8365,18,75.00%,1,1,1,0,1,1,1,1,1,1,1,1,1,0,1,1,0,1,0,1,1,0,0,1
Ms. Trombino,6,8367,11,45.80%,1,1,1,1,1,0,0,1,1,0,1,0,1,1,0,0,0,0,0,1,0,0,0,0
Ms. Trombino,6,8368,24,100.00%,1,1,1,1,1,1,1,1,1,1,1,1,1,1,1,1,1,1,1,1,1,1,1,1
Ms. Trombino,6,8369,18,75.00%,1,1,1,1,1,1,1,1,1,0,1,1,1,1,1,0,0,1,1,0,1,1,0,0
Ms. Trombino,6,8370,14,58.30%,1,1,1,1,1,1,1,0,0,0,0,0,0,1,1,0,1,1,0,1,0,1,1,0
Ms. Trombino,6,8371,24,100.00%,1,1,1,1,1,1,1,1,1,1,1,1,1,1,1,1,1,1,1,1,1,1,1,1
Ms. Trombino,6,8372,21,87.50%,1,1,1,1,1,1,0,1,1,1,1,1,1,1,1,1,1,1,1,1,1,1,0,0
Ms. Trombino,6,8373,18,75.00%,1,1,1,1,1,1,1,1,1,1,1,1,1,0,1,1,1,1,0,0,0,1,0,0
Ms. Trombino,6,8374,17,70.80%,1,1,1,1,1,1,1,0,1,0,0,1,1,1,1,1,1,0,0,1,1,0,0,1
Ms. Trombino,6,8375,18,75.00%,1,1,1,1,1,1,1,1,1,1,1,1,1,1,1,1,1,1,0,0,0,0,0,0
Ms. Trombino,6,8376,22,91.70%,1,1,1,1,1,1,1,1,1,1,1,1,1,0,1,1,1,1,1,1,1,0,1,1
Ms. Trombino,6,8377,23,95.80%,1,1,1,1,1,1,1,1,1,1,1,1,1,0,1,1,1,1,1,1,1,1,1,1
Ms. Trombino,6,8378,16,66.70%,1,1,1,1,1,1,0,0,0,0,0,1,1,0,0,1,1,1,1,1,1,0,1,1
Ms. Trombino,6,8379,22,91.70%,1,1,1,1,1,1,1,1,1,1,1,1,1,1,1,1,1,1,1,1,1,1,0,0
Ms. Trombino,6,8380,13,54.20%,1,1,1,1,1,1,1,1,1,0,0,0,1,1,0,0,0,1,0,0,0,0,0,1
Ms. Trombino,6,8381,20,83.30%,1,1,1,1,1,1,1,1,1,1,1,1,1,1,0,0,1,1,1,1,1,0,0,1
Mr. Brain,6,8382,16,66.70%,1,0,1,1,1,1,0,1,0,0,0,0,0,1,1,1,1,1,1,1,1,1,1,0
Mr. Brain,7,8383,20,83.30%,1,1,0,1,1,1,0,1,1,0,1,1,0,1,1,1,1,1,1,1,1,1,1,1
Mr. Brain,6,8384,18,75.00%,1,1,1,1,1,1,0,1,1,0,1,1,1,0,1,1,1,1,1,1,0,0,1,0
Mr. Brain,6,8386,18,75.00%,1,1,1,1,1,1,1,0,1,1,0,0,1,1,0,0,1,1,1,1,0,1,1,1
Mr. Brain,6,8387,23,95.80%,1,1,1,1,1,1,1,1,1,1,1,1,1,1,1,1,1,1,0,1,1,1,1,1
Mr. Brain,6,8388,18,75.00%,1,1,1,1,1,1,1,0,1,1,0,0,1,1,0,0,1,1,1,1,0,1,1,1
Mr. Brain,6,8393,24,100.00%,1,1,1,1,1,1,1,1,1,1,1,1,1,1,1,1,1,1,1,1,1,1,1,1
Mr. Brain,6,8394,21,87.50%,1,1,1,1,1,1,0,0,1,1,1,1,1,1,1,1,1,1,1,1,1,0,1,1
Ms. Jander,3,8401,15,62.50%,1,1,1,1,1,1,0,1,1,0,1,1,0,0,0,0,1,1,1,0,1,0,0,1
Ms. Jander,3,8402,18,75.00%,1,1,1,1,1,1,1,1,1,1,1,1,0,0,1,0,0,1,1,1,1,1,0,0
Ms. Jander,3,8403,7,29.20%,1,1,1,1,1,1,0,1,0,0,0,0,0,0,0,0,0,0,0,0,0,0,0,0
Ms. Jander,3,8405,16,66.70%,0,1,1,1,1,1,1,1,1,0,1,0,1,0,1,0,0,0,1,1,1,1,1,0
Ms. Jander,3,8407,21,87.50%,1,1,1,1,1,1,0,1,1,1,1,1,1,1,1,1,1,1,1,0,1,0,1,1
Ms. Jander,3,8408,5,20.80%,1,0,1,1,1,1,0,0,0,0,0,0,0,0,0,0,0,0,0,0,0,0,0,0
Ms. Jander,3,8412,10,41.70%,1,1,1,0,1,1,0,0,0,0,0,0,1,0,0,1,0,1,1,1,0,0,0,0
Ms. Jander,3,8413,7,29.20%,1,1,1,1,1,1,0,1,0,0,0,0,0,0,0,0,0,0,0,0,0,0,0,0
Ms. Jander,3,8414,11,45.80%,1,1,1,1,1,1,0,1,0,0,1,0,0,0,1,0,0,1,0,0,0,0,1,0
Ms. Jander,3,8415,13,54.20%,1,1,1,1,1,1,0,1,1,1,0,1,0,1,0,0,0,0,1,0,1,0,0,0
Ms. Jander,3,8417,10,41.70%,1,1,1,1,1,1,0,1,0,0,0,0,1,0,0,0,0,0,0,1,1,0,0,0
Ms. Jander,3,8418,10,41.70%,1,1,1,1,1,1,0,0,1,0,0,0,0,0,0,0,0,1,0,1,1,0,0,0
Ms. Jander,3,8419,11,45.80%,1,1,1,1,0,1,0,1,0,0,0,0,0,0,0,0,1,1,1,1,1,0,0,0
Ms. Jander,3,8420,14,58.30%,1,1,1,1,1,1,0,1,0,0,0,0,1,1,1,1,1,1,0,0,0,0,0,1
Ms. Jander,3,8421,4,16.70%,0,1,1,1,0,1,0,0,0,0,0,0,0,0,0,0,0,0,0,0,0,0,0,0
Ms. Jander,3,8422,8,33.30%,1,1,1,1,1,0,0,1,1,0,0,0,0,1,0,0,0,0,0,0,0,0,0,0
Ms. Jander,3,8423,6,25.00%,1,1,1,1,0,1,0,1,0,0,0,0,0,0,0,0,0,0,0,0,0,0,0,0
Ms. Jander,3,8424,12,50.00%,1,1,1,1,1,1,0,1,1,0,0,0,1,0,0,0,0,1,1,1,0,0,0,0
Ms. Jander,3,8425,9,37.50%,1,1,1,1,1,1,0,0,1,0,0,0,0,0,0,0,0,0,0,1,1,0,0,0
Ms. Jander,3,8426,20,83.30%,1,1,1,1,1,1,1,1,1,0,1,1,1,1,1,0,1,1,0,1,1,1,1,0
Ms. Jander,3,8427,7,29.20%,1,1,1,1,1,1,0,0,0,0,0,0,0,0,0,0,0,1,0,0,0,0,0,0
Ms. Jander,3,8428,13,54.20%,1,1,1,1,1,1,0,0,0,0,0,0,1,1,1,1,0,1,1,1,0,0,0,0
Ms. Trombino,6,8432,12,50.00%,1,1,1,1,1,1,0,1,0,0,0,0,0,0,1,0,0,1,1,1,1,0,0,0
Ms. Trombino,6,8434,21,87.50%,1,1,1,1,1,1,0,1,1,0,1,1,1,1,1,1,1,1,1,1,1,1,0,1
Ms. Trombino,6,8435,24,100.00%,1,1,1,1,1,1,1,1,1,1,1,1,1,1,1,1,1,1,1,1,1,1,1,1
Ms. Trombino,6,8436,23,95.80%,1,1,1,1,1,1,1,1,1,1,1,1,1,1,1,1,1,1,1,1,1,1,1,0
Ms. Trombino,6,8437,19,79.20%,1,1,1,1,1,1,1,1,1,1,1,1,1,1,1,1,1,1,0,0,1,0,0,0
Ms. Trombino,8,8438,22,91.70%,1,1,0,1,1,1,1,1,1,1,1,1,1,1,1,1,1,1,1,1,1,1,1,0
Ms. Trombino,6,8439,23,95.80%,1,1,1,1,1,1,1,1,1,1,1,1,1,1,0,1,1,1,1,1,1,1,1,1
Ms. Trombino,6,8440,14,58.30%,1,1,1,1,1,1,0,1,1,0,0,0,0,1,1,0,0,1,1,1,1,0,0,0
Ms. Trombino,6,8441,15,62.50%,1,1,1,1,1,1,0,0,0,0,0,0,1,1,0,1,1,0,1,1,1,0,1,1
Ms. Trombino,6,8442,23,95.80%,1,1,1,1,1,1,1,1,1,1,1,1,1,1,1,1,1,1,1,1,1,0,1,1
Ms. Trombino,6,8443,13,54.20%,1,1,1,1,1,0,0,0,0,0,0,1,0,1,1,1,1,1,0,1,1,0,0,0
Ms. Trombino,6,8444,18,75.00%,1,1,0,1,1,1,0,1,1,0,0,0,1,1,1,1,1,1,1,1,1,1,1,0
Ms. Trombino,6,8445,6,25.00%,1,1,1,1,1,1,0,0,0,0,0,0,0,0,0,0,0,0,0,0,0,0,0,0
Ms. Trombino,6,8446,2,8.30%,1,1,0,0,0,0,0,0,0,0,0,0,0,0,0,0,0,0,0,0,0,0,0,0
Ms. Trombino,6,8447,23,95.80%,1,1,1,1,1,1,1,1,1,1,1,1,0,1,1,1,1,1,1,1,1,1,1,1
Ms. Trombino,6,8448,0,0.00%,0,0,0,0,0,0,0,0,0,0,0,0,0,0,0,0,0,0,0,0,0,0,0,0
Ms. Trombino,6,8449,13,54.20%,1,1,1,1,1,1,0,0,0,0,0,0,1,1,1,0,1,1,0,1,1,0,0,0
Ms. Trombino,6,8450,13,54.20%,1,1,1,1,1,1,0,1,1,0,0,0,0,1,0,0,0,1,1,1,1,0,0,0
Ms. Trombino,7,8451,23,95.80%,1,1,1,1,1,1,1,1,1,1,1,1,1,1,1,1,1,1,1,1,1,0,1,1
Ms. Trombino,6,8452,22,91.70%,1,1,1,1,1,1,1,1,1,1,0,1,1,1,1,1,0,1,1,1,1,1,1,1
Ms. Trombino,6,8453,22,91.70%,1,1,1,1,1,1,1,1,1,1,1,1,1,1,1,1,1,1,1,1,1,0,0,1
Ms. Trombino,6,8454,22,91.70%,1,1,1,1,1,1,1,1,1,1,1,1,1,1,1,1,1,1,1,0,1,1,1,0
Ms. Trombino,6,8455,7,29.20%,1,1,1,0,1,1,0,1,1,0,0,0,0,0,0,0,0,0,0,0,0,0,0,0
Ms. Trombino,6,8456,6,25.00%,1,1,0,0,1,1,0,0,0,0,0,0,0,0,1,0,1,0,0,0,0,0,0,0
Ms. Trombino,6,8458,21,87.50%,1,1,1,1,1,1,1,1,1,1,0,1,1,1,1,1,1,0,1,1,1,1,0,1
Ms. Giddens,7,8463,24,100.00%,1,1,1,1,1,1,1,1,1,1,1,1,1,1,1,1,1,1,1,1,1,1,1,1
Ms. Giddens,8,8464,22,91.70%,1,1,1,1,1,1,1,1,1,1,1,1,1,0,0,1,1,1,1,1,1,1,1,1
Ms. Giddens,8,8465,24,100.00%,1,1,1,1,1,1,1,1,1,1,1,1,1,1,1,1,1,1,1,1,1,1,1,1
Ms. Giddens,8,8466,22,91.70%,1,1,0,1,1,1,1,1,1,1,1,1,1,1,1,1,1,1,1,1,1,1,1,0
Ms. Giddens,8,8467,24,100.00%,1,1,1,1,1,1,1,1,1,1,1,1,1,1,1,1,1,1,1,1,1,1,1,1
Ms. Giddens,8,8468,13,54.20%,1,0,1,1,1,1,0,0,0,1,1,0,1,1,1,0,0,1,1,0,0,0,0,1
Ms. Giddens,8,8469,11,45.80%,1,1,1,1,1,1,0,1,1,1,1,1,0,0,0,0,0,0,0,0,0,0,0,0
Ms. Giddens,8,8470,19,79.20%,1,1,1,1,1,1,0,1,1,1,1,0,1,1,1,1,1,1,1,1,1,0,0,0
Ms. Giddens,8,8471,22,91.70%,1,1,1,1,1,1,1,1,1,1,0,1,1,1,1,1,1,1,1,1,1,0,1,1
Ms. Giddens,8,8472,21,87.50%,1,1,1,1,1,1,1,1,1,1,1,1,1,1,1,1,1,1,1,1,1,0,0,0
Ms. Giddens,8,8473,24,100.00%,1,1,1,1,1,1,1,1,1,1,1,1,1,1,1,1,1,1,1,1,1,1,1,1
Ms. Giddens,8,8474,18,75.00%,1,0,0,1,1,1,0,1,1,0,1,1,1,1,1,1,1,1,1,1,1,0,1,0
Ms. Giddens,8,8475,24,100.00%,1,1,1,1,1,1,1,1,1,1,1,1,1,1,1,1,1,1,1,1,1,1,1,1
Ms. Giddens,7,8477,24,100.00%,1,1,1,1,1,1,1,1,1,1,1,1,1,1,1,1,1,1,1,1,1,1,1,1
Ms. Giddens,8,8478,23,95.80%,1,1,1,1,1,1,1,1,1,1,1,1,1,1,1,1,1,1,1,1,1,1,1,0
Ms. Giddens,8,8479,24,100.00%,1,1,1,1,1,1,1,1,1,1,1,1,1,1,1,1,1,1,1,1,1,1,1,1
Ms. Giddens,8,8480,21,87.50%,1,1,1,1,0,1,1,1,1,1,1,1,0,1,1,1,1,1,1,1,1,1,0,1
Ms. Giddens,8,8481,14,58.30%,1,1,1,1,1,1,0,1,0,0,1,1,0,0,1,0,0,1,0,1,1,0,0,1
Ms. Giddens,7,8482,19,79.20%,1,1,1,1,1,1,1,1,1,1,0,1,1,1,1,0,0,1,1,1,1,1,0,0
Ms. Giddens,7,8483,14,58.30%,1,1,1,1,0,1,0,1,0,0,0,0,1,1,0,1,0,1,0,1,1,1,0,1
Ms. Giddens,7,8484,20,83.30%,1,1,1,1,1,1,0,1,1,0,0,0,1,1,1,1,1,1,1,1,1,1,1,1
Ms. Giddens,7,8485,13,54.20%,1,1,1,1,1,1,0,1,1,0,1,1,0,1,1,0,0,1,0,0,0,0,0,0
Ms. Giddens,8,8486,8,33.30%,1,1,1,0,0,0,0,1,0,0,0,1,0,0,1,0,0,0,1,1,0,0,0,0
Ms. Giddens,8,8487,13,54.20%,1,1,1,1,1,1,1,1,1,0,1,0,0,0,0,0,0,0,1,1,1,0,0,0
Ms. Giddens,7,8489,14,58.30%,1,1,1,1,0,1,0,1,0,0,0,0,1,1,0,1,0,1,0,1,1,1,0,1
Ms. Giddens,7,8490,6,25.00%,1,1,1,1,1,1,0,0,0,0,0,0,0,0,0,0,0,0,0,0,0,0,0,0
Ms. Giddens,8,8491,3,12.50%,1,1,1,0,0,0,0,0,0,0,0,0,0,0,0,0,0,0,0,0,0,0,0,0
Ms. Giddens,8,8492,9,37.50%,1,1,1,1,1,0,0,1,1,0,0,0,0,0,0,0,0,0,1,1,0,0,0,0
Ms. Giddens,7,8493,5,20.80%,0,1,1,1,1,1,0,0,0,0,0,0,0,0,0,0,0,0,0,0,0,0,0,0
Ms. Trombino,6,8494,12,50.00%,1,1,1,1,1,1,0,1,0,0,0,0,0,1,1,0,0,0,1,1,1,0,0,0
Ms. Trombino,6,8495,6,25.00%,1,1,0,1,1,1,0,0,0,0,0,0,0,0,0,0,0,1,0,0,0,0,0,0
Ms. Trombino,6,8496,18,75.00%,1,1,1,1,1,1,1,1,1,1,1,1,1,1,1,0,1,1,1,0,0,0,0,0
Ms. Trombino,6,8497,22,91.70%,1,1,1,1,1,1,1,1,1,1,1,1,1,1,1,0,1,1,1,1,1,0,1,1
Ms. Trombino,6,8498,16,66.70%,1,1,1,1,1,1,1,1,0,1,1,1,0,0,1,0,0,1,1,1,1,0,0,0
Ms. Trombino,6,8499,10,41.70%,1,1,1,1,1,1,0,1,0,0,0,0,0,1,0,0,0,1,1,0,0,0,0,0
Ms. Trombino,6,8500,18,75.00%,1,1,1,1,1,0,1,1,1,0,0,0,1,1,1,1,0,1,1,1,1,1,1,0
Ms. Trombino,6,8501,19,79.20%,1,1,1,1,1,1,1,1,1,0,0,1,1,1,1,1,1,1,1,1,1,0,0,0
Ms. Trombino,6,8502,14,58.30%,1,1,1,1,1,1,0,0,0,0,0,1,0,0,0,1,1,1,1,1,1,0,1,0
Ms. Trombino,6,8503,18,75.00%,1,1,1,1,1,1,0,1,1,0,1,0,1,1,1,0,1,1,0,1,1,0,1,1
Ms. Trombino,6,8504,20,83.30%,1,1,0,1,1,1,1,1,1,1,1,1,1,1,0,1,0,1,1,1,1,1,1,0
Ms. Trombino,6,8505,24,100.00%,1,1,1,1,1,1,1,1,1,1,1,1,1,1,1,1,1,1,1,1,1,1,1,1
Ms. Trombino,6,8506,16,66.70%,1,1,1,1,1,1,1,1,1,0,0,0,1,1,1,0,0,1,1,1,0,0,1,0
Ms. Trombino,6,8507,12,50.00%,1,1,1,0,0,0,0,0,1,0,0,0,1,1,1,0,0,0,1,1,1,1,0,1
Ms. Trombino,6,8508,23,95.80%,1,1,1,1,1,1,1,1,1,1,1,1,1,1,1,0,1,1,1,1,1,1,1,1
Ms. Trombino,6,8509,24,100.00%,1,1,1,1,1,1,1,1,1,1,1,1,1,1,1,1,1,1,1,1,1,1,1,1
Ms. Trombino,6,8510,23,95.80%,1,1,1,1,1,1,0,1,1,1,1,1,1,1,1,1,1,1,1,1,1,1,1,1
Ms. Trombino,6,8511,24,100.00%,1,1,1,1,1,1,1,1,1,1,1,1,1,1,1,1,1,1,1,1,1,1,1,1
Ms. Trombino,6,8512,17,70.80%,1,1,1,1,1,1,1,1,1,1,1,0,1,1,0,1,0,1,0,1,1,0,0,0
Ms. Trombino,6,8513,14,58.30%,1,1,1,1,1,1,0,1,0,0,0,1,1,1,0,1,1,1,0,0,0,0,0,1
Ms. Giddens,7,8514,9,37.50%,1,1,0,1,1,1,0,0,1,1,0,0,0,0,1,0,0,0,0,1,0,0,0,0
Ms. Trombino,6,8515,18,75.00%,1,1,1,1,1,1,1,1,1,1,1,1,1,1,1,0,0,0,1,1,0,0,1,0
Ms. Giddens,7,8518,18,75.00%,1,1,1,1,1,1,1,1,1,0,1,0,1,1,1,0,1,1,0,1,1,0,0,1
Ms. Giddens,7,8520,11,45.80%,1,0,1,1,1,1,1,0,0,1,1,1,0,1,0,1,0,0,0,0,0,0,0,0
Ms. Fox,7,8522,19,79.20%,1,1,1,1,1,1,0,0,0,1,1,0,1,1,0,1,1,1,1,1,1,1,1,1
Ms. Fox,8,8524,14,58.30%,0,1,1,0,0,1,0,1,1,0,1,0,1,1,1,0,0,1,1,1,1,0,1,0
Ms. Giddens,8,8525,0,0.00%,0,0,0,0,0,0,0,0,0,0,0,0,0,0,0,0,0,0,0,0,0,0,0,0
Ms. Novack,6,8529,14,58.30%,1,1,1,1,1,1,1,0,0,1,1,1,1,0,1,0,0,1,0,0,0,0,1,0
Ms. Novack,6,8530,22,91.70%,1,1,1,1,1,1,1,1,1,1,1,0,0,1,1,1,1,1,1,1,1,1,1,1
Ms. Novack,6,8531,24,100.00%,1,1,1,1,1,1,1,1,1,1,1,1,1,1,1,1,1,1,1,1,1,1,1,1
Ms. Novack,6,8532,18,75.00%,1,1,1,1,1,1,1,0,0,0,0,1,1,1,1,1,1,1,1,0,1,1,0,1
Ms. Novack,6,8533,16,66.70%,1,1,1,1,1,1,1,1,1,0,0,0,1,1,1,0,0,1,1,1,1,0,0,0
Ms. Novack,6,8534,19,79.20%,1,0,1,1,1,1,1,1,1,0,1,0,1,1,1,1,0,1,1,1,1,0,1,1
Ms. Novack,6,8535,10,41.70%,1,1,1,1,1,1,0,1,1,0,0,0,0,0,0,0,0,0,0,1,1,0,0,0
Ms. Novack,6,8536,6,25.00%,1,1,0,1,1,0,0,0,0,0,0,0,1,0,0,0,0,0,0,1,0,0,0,0
Ms. Novack,6,8537,18,75.00%,1,1,1,1,1,0,0,1,0,0,1,0,1,1,1,1,1,1,1,1,1,1,0,1
Ms. Novack,6,8538,17,70.80%,0,1,1,1,1,1,1,1,1,0,0,0,1,1,1,0,1,1,1,1,1,1,0,0
Ms. Novack,6,8539,10,41.70%,1,1,1,1,1,1,0,1,1,0,0,0,0,0,0,0,0,0,0,1,1,0,0,0
Ms. Novack,6,8540,21,87.50%,1,1,1,1,1,1,1,1,1,0,0,0,1,1,1,1,1,1,1,1,1,1,1,1
Ms. Novack,6,8542,19,79.20%,1,0,1,1,1,1,1,1,1,0,0,0,1,1,1,1,1,1,1,1,1,0,1,1
Ms. Novack,6,8543,13,54.20%,1,1,1,1,1,1,0,1,1,1,0,0,0,1,0,0,0,1,1,0,1,0,0,0
Ms. Novack,6,8544,16,66.70%,1,1,1,1,1,1,0,1,1,0,0,0,1,1,0,1,0,1,1,1,1,0,0,1
Ms. Novack,6,8545,12,50.00%,1,1,1,1,1,1,1,0,0,0,0,0,1,1,1,0,0,0,1,0,1,0,0,0
Ms. Novack,6,8546,22,91.70%,1,1,1,1,1,1,0,1,1,1,1,1,1,1,1,1,1,1,1,1,1,0,1,1
Ms. Novack,6,8547,14,58.30%,1,1,1,1,1,1,1,1,1,0,0,0,1,1,1,0,0,1,0,0,0,0,0,1
Ms. Novack,6,8548,21,87.50%,1,1,1,1,1,1,1,1,1,0,0,0,1,1,1,1,1,1,1,1,1,1,1,1
Ms. Novack,6,8549,12,50.00%,1,0,0,1,1,1,1,1,1,0,0,0,1,1,1,1,0,0,0,0,1,0,0,0
Ms. Novack,6,8550,18,75.00%,1,0,1,1,1,1,1,1,1,0,1,0,0,1,1,1,0,1,1,1,1,0,1,1
Ms. Novack,6,8551,11,45.80%,1,1,1,0,1,1,0,0,1,0,1,0,1,1,1,0,0,1,0,0,0,0,0,0
Ms. Novack,6,8553,19,79.20%,1,1,1,1,1,1,0,0,0,1,1,1,1,1,1,0,0,1,1,1,1,1,1,1
Ms. Novack,6,8554,8,33.30%,1,1,1,1,1,1,0,0,0,0,0,1,0,0,0,0,0,0,0,0,0,0,0,1
Ms. Novack,6,8555,17,70.80%,1,1,1,1,1,1,1,1,1,1,1,1,1,1,1,0,1,1,0,0,0,0,0,0
Ms. Novack,6,8556,9,37.50%,1,1,1,1,1,1,0,0,0,0,0,0,0,1,0,0,0,0,1,1,0,0,0,0
Ms. Giddens,8,8557,23,95.80%,1,1,1,1,1,1,1,1,1,1,1,1,1,1,1,0,1,1,1,1,1,1,1,1
Ms. Giddens,8,8562,23,95.80%,1,1,1,1,1,1,1,1,1,1,1,1,1,1,1,1,1,1,1,1,1,1,1,0
Ms. Giddens,8,8563,12,50.00%,1,1,1,0,1,1,0,1,0,0,0,0,0,1,1,1,1,1,0,1,0,0,0,0
Ms. Giddens,8,8564,17,70.80%,1,1,1,1,1,1,0,0,0,0,0,0,1,1,1,1,1,1,1,1,1,1,1,0
Ms. Giddens,8,8566,23,95.80%,1,1,1,1,1,1,1,1,1,1,1,1,1,1,1,1,1,1,1,1,1,1,1,0
Ms. Giddens,8,8567,16,66.70%,1,1,1,1,1,1,0,0,1,0,0,1,0,1,1,1,1,1,0,1,1,0,0,1
Ms. Giddens,8,8568,23,95.80%,1,1,1,1,1,1,1,1,1,1,1,1,1,1,1,1,1,1,1,1,1,1,1,0
Ms. Giddens,8,8569,24,100.00%,1,1,1,1,1,1,1,1,1,1,1,1,1,1,1,1,1,1,1,1,1,1,1,1
Ms. Giddens,8,8570,11,45.80%,1,0,0,1,1,1,1,0,0,0,0,0,0,1,1,0,1,1,0,0,0,1,0,1
Ms. Giddens,8,8571,19,79.20%,1,1,1,1,1,1,1,1,1,0,0,0,1,1,1,1,1,1,1,1,1,0,1,0
Ms. Giddens,8,8572,24,100.00%,1,1,1,1,1,1,1,1,1,1,1,1,1,1,1,1,1,1,1,1,1,1,1,1
Ms. Giddens,8,8573,15,62.50%,1,1,1,1,1,1,0,0,1,0,0,0,0,1,1,1,1,1,0,1,1,0,0,1
Ms. Giddens,8,8574,24,100.00%,1,1,1,1,1,1,1,1,1,1,1,1,1,1,1,1,1,1,1,1,1,1,1,1
Ms. Giddens,8,8575,20,83.30%,1,1,1,1,1,1,1,1,1,1,1,1,1,1,1,1,1,1,0,0,1,0,0,1
Ms. Giddens,8,8576,22,91.70%,1,1,1,1,1,1,1,1,1,1,1,1,1,1,1,1,0,1,1,1,1,1,1,0
Ms. Giddens,8,8577,13,54.20%,1,1,1,1,1,1,0,0,0,0,0,0,0,0,0,0,0,1,1,1,1,1,1,1
Ms. Giddens,7,8578,16,66.70%,1,1,1,1,1,1,0,0,0,1,1,0,1,1,1,0,1,1,1,1,1,0,0,0
Ms. Giddens,8,8579,14,58.30%,1,1,1,0,1,1,1,1,1,1,1,1,0,0,1,1,1,0,0,0,0,0,0,0
Ms. Giddens,8,8584,17,70.80%,1,1,0,1,1,1,1,1,1,1,1,1,0,1,1,0,0,1,1,1,1,0,0,0
Ms. Geyer,6,8586,21,87.50%,1,1,1,1,1,1,1,1,1,0,1,1,1,1,1,0,1,1,1,1,1,0,1,1
Mr. Clayton,5,8587,0,0.00%,0,0,0,0,0,0,0,0,0,0,0,0,0,0,0,0,0,0,0,0,0,0,0,0
Mr. Clayton,6,8588,1,4.20%,1,0,0,0,0,0,0,0,0,0,0,0,0,0,0,0,0,0,0,0,0,0,0,0
Mr. Clayton,5,8590,0,0.00%,0,0,0,0,0,0,0,0,0,0,0,0,0,0,0,0,0,0,0,0,0,0,0,0
Mr. Clayton,4,8591,1,4.20%,0,0,0,0,0,0,0,0,0,0,0,0,0,0,0,0,1,0,0,0,0,0,0,0
Mr. Clayton,6,8592,1,4.20%,0,0,0,0,1,0,0,0,0,0,0,0,0,0,0,0,0,0,0,0,0,0,0,0
Mr. Clayton,6,8593,3,12.50%,0,0,0,0,1,1,1,0,0,0,0,0,0,0,0,0,0,0,0,0,0,0,0,0
Mr. Clayton,4,8594,0,0.00%,0,0,0,0,0,0,0,0,0,0,0,0,0,0,0,0,0,0,0,0,0,0,0,0
Mr. Clayton,4,8595,1,4.20%,0,0,0,0,0,0,0,0,0,0,0,0,0,0,0,0,0,0,1,0,0,0,0,0
Mr. Clayton,6,8596,2,8.30%,1,0,0,0,0,0,0,0,1,0,0,0,0,0,0,0,0,0,0,0,0,0,0,0
Mr. Clayton,5,8614,0,0.00%,0,0,0,0,0,0,0,0,0,0,0,0,0,0,0,0,0,0,0,0,0,0,0,0
Mr. Clayton,6,8620,4,16.70%,0,1,1,1,0,1,0,0,0,0,0,0,0,0,0,0,0,0,0,0,0,0,0,0
Ms. Fox,6,8629,13,54.20%,1,1,1,1,1,1,0,1,1,0,1,0,0,0,0,0,0,1,1,1,1,0,0,0
Ms. Fox,5,8630,17,70.80%,1,1,1,1,1,1,0,1,1,0,1,0,1,1,1,0,0,1,1,1,1,0,1,0
Ms. Fox,7,8631,6,25.00%,1,1,1,1,1,1,0,0,0,0,0,0,0,0,0,0,0,0,0,0,0,0,0,0
Ms. Novack,7,8633,10,41.70%,1,1,1,1,1,1,0,1,1,0,0,0,0,0,0,0,0,0,0,1,1,0,0,0
Ms. Novack,7,8635,23,95.80%,1,1,1,1,1,1,1,1,1,1,1,1,1,1,1,1,1,1,1,1,1,0,1,1
Ms. Novack,7,8636,21,87.50%,1,1,1,1,1,1,1,1,1,0,0,0,1,1,1,1,1,1,1,1,1,1,1,1
Ms. Novack,7,8637,0,0.00%,0,0,0,0,0,0,0,0,0,0,0,0,0,0,0,0,0,0,0,0,0,0,0,0
Ms. Novack,7,8638,21,87.50%,1,1,1,1,1,1,1,1,1,1,1,1,1,0,1,0,1,1,1,1,1,1,1,0
Ms. Novack,7,8639,18,75.00%,1,1,1,1,1,1,0,0,0,0,1,1,1,0,1,1,0,1,1,1,1,1,1,1
Ms. Novack,7,8641,17,70.80%,1,1,1,1,1,1,1,1,1,1,1,1,1,1,1,0,1,1,0,0,0,0,0,0
Ms. Novack,7,8643,12,50.00%,1,1,1,1,1,1,1,0,0,0,0,0,1,1,1,0,0,0,1,0,1,0,0,0
Ms. Novack,7,8644,18,75.00%,1,1,1,0,1,1,1,1,1,1,0,1,1,1,1,1,0,1,1,1,1,0,0,0
Ms. Novack,7,8645,16,66.70%,1,1,1,1,1,1,1,1,1,1,1,1,0,0,1,1,1,1,0,0,0,0,0,0
Ms. Novack,7,8646,20,83.30%,1,1,1,1,1,1,1,1,1,0,0,0,1,1,1,0,1,1,1,1,1,1,1,1
Ms. Novack,7,8647,18,75.00%,1,1,1,1,1,1,1,1,1,1,1,1,0,1,1,0,1,1,1,0,1,0,0,0
Ms. Novack,7,8648,23,95.80%,1,1,1,1,1,1,1,1,1,1,1,0,1,1,1,1,1,1,1,1,1,1,1,1
Ms. Novack,7,8649,12,50.00%,1,1,1,1,1,1,0,0,1,0,1,0,1,1,1,0,0,1,0,0,0,0,0,0
Ms. Novack,7,8650,15,62.50%,1,1,1,1,1,1,1,1,1,1,1,0,0,1,1,0,0,1,1,0,0,0,0,0
Ms. Novack,7,8652,21,87.50%,1,1,1,1,1,1,1,1,1,0,0,0,1,1,1,1,1,1,1,1,1,1,1,1
Ms. Novack,7,8653,23,95.80%,1,1,1,1,1,1,1,1,1,1,1,1,1,1,1,1,1,1,1,1,1,1,0,1
Ms. Novack,7,8654,17,70.80%,1,0,1,1,1,1,1,1,0,0,0,0,1,1,1,0,1,1,1,0,1,1,1,1
Ms. Novack,7,8655,7,29.20%,1,1,1,1,1,1,0,0,0,0,0,0,0,0,0,0,0,0,0,1,0,0,0,0
Ms. Novack,7,8656,17,70.80%,1,1,1,1,1,1,1,1,1,1,1,0,1,1,1,1,1,1,0,0,0,0,0,0
Ms. Novack,7,8657,24,100.00%,1,1,1,1,1,1,1,1,1,1,1,1,1,1,1,1,1,1,1,1,1,1,1,1
Ms. Novack,7,8658,10,41.70%,1,0,0,1,1,1,0,0,0,0,0,1,0,1,0,1,1,1,0,0,0,0,1,0
Ms. Novack,7,8660,11,45.80%,1,0,0,1,1,1,0,0,0,1,0,1,0,1,0,1,1,1,0,0,0,0,1,0
Ms. Novack,7,8662,20,83.30%,1,1,1,1,1,1,1,1,1,0,0,1,1,1,1,1,1,1,1,1,1,0,1,0
Ms. Novack,7,8663,24,100.00%,1,1,1,1,1,1,1,1,1,1,1,1,1,1,1,1,1,1,1,1,1,1,1,1
Ms. Novack,7,8664,23,95.80%,1,0,1,1,1,1,1,1,1,1,1,1,1,1,1,1,1,1,1,1,1,1,1,1
Ms. Novack,7,8665,3,12.50%,1,1,1,0,0,0,0,0,0,0,0,0,0,0,0,0,0,0,0,0,0,0,0,0
Mr. Wierzbinski,5,8669,6,25.00%,0,0,0,1,1,1,0,0,0,0,0,0,0,1,1,0,1,0,0,0,0,0,0,0
Mr. Wierzbinski,5,8673,0,0.00%,0,0,0,0,0,0,0,0,0,0,0,0,0,0,0,0,0,0,0,0,0,0,0,0
Mr. Wierzbinski,5,8674,8,33.30%,1,0,0,0,0,1,0,1,0,0,0,0,0,0,1,0,0,1,1,0,1,0,1,0
Mr. Wierzbinski,5,8675,3,12.50%,1,1,1,0,0,0,0,0,0,0,0,0,0,0,0,0,0,0,0,0,0,0,0,0
Mr. Wierzbinski,5,8676,3,12.50%,1,1,1,0,0,0,0,0,0,0,0,0,0,0,0,0,0,0,0,0,0,0,0,0
Mr. Wierzbinski,6,8678,13,54.20%,1,1,1,1,1,1,0,0,0,0,1,0,0,1,1,1,0,1,1,0,1,0,0,0
Mr. Wierzbinski,5,8682,2,8.30%,1,1,0,0,0,0,0,0,0,0,0,0,0,0,0,0,0,0,0,0,0,0,0,0
Mr. Wierzbinski,5,8683,11,45.80%,1,1,1,1,1,1,1,1,1,0,0,0,0,1,1,0,0,0,0,0,0,0,0,0
Mr. Wierzbinski,5,8685,0,0.00%,0,0,0,0,0,0,0,0,0,0,0,0,0,0,0,0,0,0,0,0,0,0,0,0
Mr. Wierzbinski,6,8686,5,20.80%,1,1,0,1,1,1,0,0,0,0,0,0,0,0,0,0,0,0,0,0,0,0,0,0
Mr. Wierzbinski,5,8687,1,4.20%,1,0,0,0,0,0,0,0,0,0,0,0,0,0,0,0,0,0,0,0,0,0,0,0
Mr. Wierzbinski,5,8689,6,25.00%,1,1,1,1,1,1,0,0,0,0,0,0,0,0,0,0,0,0,0,0,0,0,0,0
Mr. Wierzbinski,5,8694,4,16.70%,1,1,1,1,0,0,0,0,0,0,0,0,0,0,0,0,0,0,0,0,0,0,0,0
Mr. Wierzbinski,5,8695,5,20.80%,1,1,1,0,1,1,0,0,0,0,0,0,0,0,0,0,0,0,0,0,0,0,0,0
Mr. Clayton,5,8710,12,50.00%,1,1,1,1,1,1,1,0,0,0,0,0,1,0,0,0,0,1,1,1,1,0,0,0
Mr. Clayton,5,8711,9,37.50%,1,1,1,1,1,1,0,0,0,0,0,0,0,0,0,0,0,1,1,0,1,0,0,0
Ms. Giddens,8,8725,13,54.20%,1,1,1,1,1,1,0,1,0,0,1,0,1,0,1,0,0,0,0,0,1,1,0,1
Ms. Giddens,8,8726,17,70.80%,1,1,1,1,1,1,0,1,0,0,1,1,1,0,0,1,1,1,1,1,1,1,0,0
Ms. Giddens,8,8727,23,95.80%,1,1,1,1,1,1,1,0,1,1,1,1,1,1,1,1,1,1,1,1,1,1,1,1
Ms. Giddens,7,8736,6,25.00%,1,0,0,1,1,1,0,0,0,0,0,0,0,1,0,0,0,1,0,0,0,0,0,0
Mr. Wierzbinski,6,8739,0,0.00%,0,0,0,0,0,0,0,0,0,0,0,0,0,0,0,0,0,0,0,0,0,0,0,0
Ms. Novack,6,8741,24,100.00%,1,1,1,1,1,1,1,1,1,1,1,1,1,1,1,1,1,1,1,1,1,1,1,1
Ms. Novack,6,8742,22,91.70%,1,1,1,1,1,1,1,1,1,1,1,0,0,1,1,1,1,1,1,1,1,1,1,1
Ms. Novack,6,8743,8,33.30%,1,1,1,1,1,1,1,0,0,0,0,0,0,0,0,0,0,1,0,0,0,0,0,0
Ms. Novack,6,8744,20,83.30%,1,1,1,1,1,1,1,1,1,0,0,0,1,1,1,0,1,1,1,1,1,1,1,1
Ms. Novack,6,8745,23,95.80%,1,1,1,1,1,1,1,1,1,1,1,1,1,1,1,1,1,1,1,1,1,0,1,1
Ms. Novack,6,8746,16,66.70%,1,1,1,1,1,1,1,0,0,0,0,0,1,1,1,1,1,1,1,0,1,0,0,1
Ms. Novack,6,8747,19,79.20%,1,1,1,1,1,1,0,0,1,1,1,1,0,1,1,0,1,1,1,1,1,1,0,1
Ms. Novack,6,8748,5,20.80%,1,0,0,1,1,0,0,0,0,0,0,0,0,1,0,0,0,0,0,0,0,0,0,1
Ms. Novack,6,8749,7,29.20%,1,1,1,1,0,1,0,1,0,0,0,0,0,0,0,0,0,1,0,0,0,0,0,0
Ms. Novack,6,8750,2,8.30%,1,1,0,0,0,0,0,0,0,0,0,0,0,0,0,0,0,0,0,0,0,0,0,0
Ms. Novack,6,8751,23,95.80%,1,1,1,1,1,1,1,1,1,1,1,1,1,1,1,1,1,1,1,1,1,1,0,1
Ms. Novack,6,8752,22,91.70%,1,1,1,1,1,1,1,1,1,1,1,0,0,1,1,1,1,1,1,1,1,1,1,1
Ms. Novack,6,8753,23,95.80%,1,1,1,1,1,1,1,1,1,1,1,1,1,1,1,1,1,1,1,1,1,1,0,1
Ms. Novack,6,8754,8,33.30%,0,0,0,1,1,1,0,0,0,0,0,1,0,0,0,1,1,1,0,0,0,0,1,0
Ms. Novack,6,8755,10,41.70%,1,1,1,1,1,1,0,1,1,0,0,0,0,0,0,0,0,0,0,1,1,0,0,0
Ms. Novack,6,8756,2,8.30%,1,0,0,0,1,0,0,0,0,0,0,0,0,0,0,0,0,0,0,0,0,0,0,0
Ms. Novack,6,8757,21,87.50%,0,1,1,1,1,0,1,1,1,1,1,1,1,1,1,1,1,1,1,1,1,1,0,1
Ms. Novack,6,8758,21,87.50%,1,1,1,1,1,1,1,1,1,0,0,0,1,1,1,1,1,1,1,1,1,1,1,1
Ms. Novack,6,8759,15,62.50%,1,1,1,1,1,1,1,0,0,0,0,0,1,1,1,0,0,1,1,1,1,1,0,0
Ms. Novack,6,8760,18,75.00%,1,0,1,1,1,1,1,1,1,0,1,0,1,0,1,1,0,1,1,1,1,0,1,1
Ms. Novack,6,8762,22,91.70%,1,1,1,1,1,1,1,1,1,0,1,0,1,1,1,1,1,1,1,1,1,1,1,1
Ms. Novack,6,8763,17,70.80%,1,1,1,0,1,1,1,1,1,1,1,1,1,1,1,1,0,0,0,1,1,0,0,0
Ms. Novack,6,8764,3,12.50%,1,0,0,1,0,0,0,0,0,0,0,0,0,0,0,1,0,0,0,0,0,0,0,0
Ms. Novack,6,8766,20,83.30%,1,1,1,1,1,1,1,1,1,0,0,0,1,1,1,0,1,1,1,1,1,1,1,1
Ms. Novack,6,8768,1,4.20%,1,0,0,0,0,0,0,0,0,0,0,0,0,0,0,0,0,0,0,0,0,0,0,0
Ms. Novack,6,8769,24,100.00%,1,1,1,1,1,1,1,1,1,1,1,1,1,1,1,1,1,1,1,1,1,1,1,1
Mr. Clayton,4,8773,0,0.00%,0,0,0,0,0,0,0,0,0,0,0,0,0,0,0,0,0,0,0,0,0,0,0,0
Ms. Trombino,6,8781,24,100.00%,1,1,1,1,1,1,1,1,1,1,1,1,1,1,1,1,1,1,1,1,1,1,1,1
Ms. Trombino,6,8782,11,45.80%,1,1,1,0,1,1,0,1,0,0,0,0,0,1,1,0,0,1,0,0,1,0,0,1
Ms. Trombino,6,8783,23,95.80%,1,1,1,1,1,1,1,1,1,1,1,1,1,1,0,1,1,1,1,1,1,1,1,1
Ms. Trombino,6,8784,11,45.80%,1,1,1,0,1,1,0,0,0,0,0,0,1,1,1,0,0,0,1,1,1,0,0,0
Ms. Trombino,6,8785,17,70.80%,0,1,1,1,1,1,1,1,1,1,1,1,0,1,1,1,1,1,1,0,0,0,0,0
Ms. Trombino,6,8786,20,83.30%,1,1,1,1,1,1,1,0,0,1,1,1,1,1,1,1,0,1,1,1,1,0,1,1
Ms. Trombino,6,8787,21,87.50%,1,1,1,1,1,1,1,1,1,1,0,1,1,1,1,1,1,1,1,0,1,0,1,1
Ms. Trombino,6,8788,22,91.70%,1,1,1,1,1,1,1,1,1,1,1,1,1,1,1,0,0,1,1,1,1,1,1,1
Ms. Trombino,6,8789,13,54.20%,1,1,1,0,1,1,0,0,1,0,0,1,0,0,1,0,0,0,1,1,1,0,1,1
Ms. Trombino,6,8790,9,37.50%,1,1,1,1,1,0,0,1,0,0,0,0,1,1,1,0,0,0,0,0,0,0,0,0
Ms. Trombino,6,8791,18,75.00%,1,1,1,1,1,1,1,1,1,0,0,0,1,1,1,1,1,1,0,1,1,0,1,0
Ms. Trombino,6,8792,13,54.20%,1,0,1,1,1,1,1,0,0,0,0,1,0,1,0,1,1,1,1,0,0,0,1,0
Ms. Trombino,6,8793,20,83.30%,1,1,1,1,1,1,1,1,1,1,1,1,1,1,1,0,0,1,1,1,1,0,1,0
Ms. Trombino,6,8794,11,45.80%,1,1,0,1,1,1,0,1,1,0,0,0,0,1,1,0,0,1,0,1,0,0,0,0
Ms. Trombino,6,8795,15,62.50%,1,1,1,0,1,1,0,1,0,0,0,0,1,1,1,1,1,1,1,1,0,0,0,1
Ms. Trombino,6,8796,8,33.30%,1,1,1,1,1,1,0,0,0,0,0,1,0,1,0,0,0,0,0,0,0,0,0,0
Ms. Trombino,8,8797,8,33.30%,1,1,1,0,0,0,0,0,0,0,0,0,0,0,0,0,0,0,1,1,1,0,1,1
Ms. Trombino,6,8799,11,45.80%,1,1,1,1,1,1,0,0,0,0,0,0,0,1,1,1,1,1,0,0,0,0,0,0
Ms. Trombino,6,8800,23,95.80%,1,1,1,1,1,1,1,1,1,0,1,1,1,1,1,1,1,1,1,1,1,1,1,1
Ms. Trombino,6,8804,17,70.80%,1,1,1,1,1,1,1,1,1,1,1,0,1,1,1,1,0,1,0,0,0,0,0,1
Ms. Trombino,6,8805,20,83.30%,1,1,1,1,1,1,1,1,1,1,1,1,0,1,1,1,1,1,1,1,1,0,0,0
Ms. Trombino,6,8806,13,54.20%,1,1,1,1,1,1,1,0,1,1,0,0,0,0,0,1,0,0,1,1,1,0,0,0
Ms. Trombino,6,8807,23,95.80%,1,1,1,1,1,1,1,1,1,1,1,1,1,1,1,0,1,1,1,1,1,1,1,1
Ms. Trombino,6,8808,24,100.00%,1,1,1,1,1,1,1,1,1,1,1,1,1,1,1,1,1,1,1,1,1,1,1,1
Ms. Trombino,6,8809,20,83.30%,1,1,1,1,1,1,1,0,0,0,1,1,0,1,1,1,1,1,1,1,1,1,1,1
Ms. Trombino,6,8810,16,66.70%,1,1,1,1,1,1,0,0,1,0,0,0,1,1,1,1,1,1,1,1,1,0,0,0
Ms. Trombino,6,8811,16,66.70%,1,1,1,1,1,1,1,1,1,1,0,1,0,1,1,1,1,1,0,0,0,0,0,0
Ms. Trombino,6,8812,19,79.20%,1,1,1,1,1,1,1,1,1,1,1,0,1,1,1,0,1,1,1,1,0,0,0,1
Ms. Trombino,6,8813,23,95.80%,1,1,1,1,1,1,1,1,1,1,1,1,1,1,1,1,0,1,1,1,1,1,1,1
Ms. Trombino,6,8814,12,50.00%,1,1,1,1,1,1,0,1,0,0,0,0,0,1,1,0,0,0,1,1,1,0,0,0
Ms. Trombino,6,8815,21,87.50%,1,1,1,1,1,1,1,1,1,0,0,1,1,1,1,1,1,1,1,1,1,1,0,1
Ms. Trombino,6,8816,23,95.80%,1,1,1,1,1,1,1,1,1,1,1,1,1,1,1,1,1,1,1,1,1,1,1,0
Ms. Trombino,6,8817,11,45.80%,1,1,1,1,1,1,0,0,1,0,0,1,1,0,1,0,0,0,0,0,0,1,0,0
Ms. Trombino,6,8818,21,87.50%,1,1,1,1,1,1,1,1,1,0,1,1,1,1,1,1,1,1,1,1,1,1,0,0
Ms. Trombino,6,8819,21,87.50%,1,1,1,1,1,1,1,1,1,1,1,1,1,1,1,0,0,0,1,1,1,1,1,1
Ms. Trombino,6,8820,15,62.50%,1,1,1,1,1,1,1,0,1,0,1,1,1,1,1,1,0,1,0,0,0,0,0,0
Ms. Trombino,6,8821,23,95.80%,1,1,1,1,1,1,1,1,1,1,1,1,1,1,1,1,1,1,1,1,1,1,1,0
Ms. Trombino,6,8822,15,62.50%,1,1,1,1,1,1,0,0,0,0,0,0,0,1,1,1,1,1,1,1,1,1,0,0
Ms. Trombino,6,8823,16,66.70%,1,1,1,1,1,1,0,1,1,0,1,1,1,1,1,0,1,0,1,0,1,0,0,0
Ms. Trombino,6,8824,14,58.30%,1,1,1,1,1,1,1,0,1,0,0,0,1,1,1,0,0,0,0,1,1,0,1,0
Ms. Trombino,6,8825,14,58.30%,1,1,1,1,1,1,1,1,1,0,1,0,0,0,0,0,0,1,1,1,0,1,0,0
Ms. Trombino,6,8826,12,50.00%,1,1,0,1,1,1,0,0,0,0,0,0,0,1,1,0,1,1,0,0,0,1,1,1
Ms. Novack,6,8827,19,79.20%,1,1,1,1,1,1,1,1,1,1,1,1,1,1,1,0,1,1,1,0,1,0,0,0
Ms. Novack,6,8828,2,8.30%,0,1,0,0,0,0,0,0,0,0,0,1,0,0,0,0,0,0,0,0,0,0,0,0
Mr. Clayton,6,8830,13,54.20%,1,1,1,1,1,1,0,0,0,0,1,0,0,1,1,1,1,1,0,0,1,0,0,0
Ms. Novack,2,8831,23,95.80%,1,1,1,1,1,1,1,1,1,1,1,1,1,1,1,1,1,1,1,1,1,1,0,1
Ms. Novack,6,8835,15,62.50%,1,1,1,0,1,1,0,0,0,0,0,0,0,0,1,1,1,1,1,1,1,1,1,1
Mr. Wierzbinski,5,8847,0,0.00%,0,0,0,0,0,0,0,0,0,0,0,0,0,0,0,0,0,0,0,0,0,0,0,0
Ms. Fox,6,8913,19,79.20%,1,1,1,1,1,1,1,1,1,0,0,0,1,1,1,0,1,1,1,1,1,0,1,1
Ms. Trombino,6,8914,6,25.00%,1,0,1,1,1,1,0,0,0,0,0,0,0,0,0,0,0,1,0,0,0,0,0,0
Ms. Trombino,6,8915,9,37.50%,1,1,1,1,0,1,0,1,1,1,0,0,0,0,0,0,0,1,0,0,0,0,0,0
Ms. Trombino,6,8916,14,58.30%,1,0,1,1,1,1,0,0,0,0,0,0,0,1,1,1,1,1,1,0,0,1,1,1
Ms. Trombino,6,8917,13,54.20%,1,1,1,1,1,1,1,1,1,0,0,0,1,0,1,0,0,1,0,1,0,0,0,0
Ms. Trombino,6,8918,20,83.30%,1,1,1,1,1,1,1,1,1,1,0,0,1,1,1,1,1,1,1,1,1,0,1,0
Ms. Trombino,6,8919,19,79.20%,1,1,1,1,1,1,1,1,1,1,1,1,1,1,1,0,0,1,1,1,1,0,0,0
Ms. Trombino,6,8920,18,75.00%,1,1,1,1,1,1,1,0,1,1,1,1,0,0,1,0,1,1,1,1,1,0,1,0
Ms. Trombino,6,8921,15,62.50%,1,1,1,1,1,1,1,1,1,1,1,1,1,1,1,0,0,0,0,0,0,0,0,0
Ms. Trombino,6,8922,18,75.00%,1,1,1,1,1,1,1,1,1,1,0,1,1,1,1,1,0,1,1,0,1,0,0,0
Ms. Trombino,6,8923,21,87.50%,1,1,1,1,1,1,1,1,1,1,1,1,1,1,1,1,1,1,1,1,1,0,0,0
Ms. Trombino,6,8924,15,62.50%,1,1,1,1,1,1,0,0,0,0,0,0,1,1,1,1,1,1,1,0,1,0,0,1
Ms. Trombino,6,8925,22,91.70%,1,1,1,1,1,1,1,1,1,1,1,1,1,1,1,1,1,1,1,1,1,0,1,0
Ms. Trombino,8,8926,22,91.70%,1,1,1,1,1,1,1,1,0,1,1,1,1,1,1,1,1,1,1,1,1,1,1,0
Ms. Trombino,6,8927,12,50.00%,1,1,1,1,1,1,0,0,0,0,0,0,1,1,1,1,1,1,0,0,0,0,0,0
Ms. Trombino,6,8928,9,37.50%,0,0,0,1,1,1,1,0,0,0,0,0,0,1,1,0,0,1,0,0,0,1,1,0
Ms. Trombino,6,8929,16,66.70%,1,1,1,1,1,1,0,1,1,0,0,0,1,1,0,1,1,1,1,1,1,0,0,0
Ms. Trombino,6,8930,14,58.30%,1,1,1,1,1,1,1,1,0,1,0,0,0,1,1,0,0,1,1,1,0,0,0,0
Ms. Trombino,6,8931,21,87.50%,1,1,1,1,1,1,1,1,1,1,1,1,1,1,1,1,0,1,0,1,1,0,1,1
Ms. Trombino,6,8932,11,45.80%,1,1,1,1,1,1,0,0,0,0,0,0,0,0,0,0,0,1,1,1,1,1,0,0
Ms. Trombino,6,8933,3,12.50%,1,1,1,0,0,0,0,0,0,0,0,0,0,0,0,0,0,0,0,0,0,0,0,0
Ms. Trombino,6,8934,11,45.80%,1,1,1,1,1,1,0,0,1,0,0,0,1,1,1,0,1,0,0,0,0,0,0,0
Ms. Trombino,6,8935,5,20.80%,1,1,0,1,1,1,0,0,0,0,0,0,0,0,0,0,0,0,0,0,0,0,0,0
Ms. Trombino,6,8936,3,12.50%,0,0,0,1,1,1,0,0,0,0,0,0,0,0,0,0,0,0,0,0,0,0,0,0
Ms. Pearson,8,8968,16,66.70%,1,1,0,1,1,1,1,1,1,1,0,1,1,1,1,1,1,0,0,0,1,0,0,0
Ms. Pearson,8,8970,12,50.00%,0,0,1,1,1,0,0,0,0,0,0,0,0,1,1,1,1,1,1,1,1,0,0,1
Ms. Pearson,8,8972,9,37.50%,1,1,1,1,1,1,0,0,0,0,0,0,0,0,0,1,0,1,0,1,0,0,0,0
Ms. Pearson,8,8980,12,50.00%,1,1,1,1,1,1,0,0,0,1,0,0,0,1,0,0,0,1,1,1,1,0,0,0
Ms. Pearson,8,8982,23,95.80%,1,1,1,1,1,1,1,1,1,1,1,1,1,1,1,1,1,1,1,1,1,1,1,0
Ms. Fox,6,9012,19,79.20%,1,1,1,1,1,0,1,1,1,0,0,0,1,0,1,1,1,1,1,1,1,1,1,1
Ms. Fox,6,9014,19,79.20%,1,1,1,1,1,1,1,1,1,0,0,0,1,1,1,1,1,1,1,1,1,1,0,0
Ms. Pearson,7,9016,17,70.80%,1,1,1,1,1,1,0,1,1,1,1,0,1,0,1,1,0,1,1,0,1,0,1,0
Ms. Pearson,7,9026,24,100.00%,1,1,1,1,1,1,1,1,1,1,1,1,1,1,1,1,1,1,1,1,1,1,1,1
Ms. Pearson,7,9034,8,33.30%,1,1,1,1,1,1,0,0,0,0,0,0,0,1,1,0,0,0,0,0,0,0,0,0
Ms. Pearson,7,9036,1,4.20%,1,0,0,0,0,0,0,0,0,0,0,0,0,0,0,0,0,0,0,0,0,0,0,0
Ms. Pearson,7,9038,6,25.00%,1,0,0,1,1,1,0,0,0,0,1,0,0,1,0,0,0,0,0,0,0,0,0,0
Ms. Fox,7,9040,10,41.70%,1,1,1,1,1,1,0,0,0,0,0,0,0,0,1,0,0,1,1,0,0,1,0,0
Ms. Pearson,8,9046,12,50.00%,1,1,1,1,1,1,0,1,0,0,0,0,0,1,1,0,0,1,1,1,0,0,0,0
Ms. Pearson,8,9050,20,83.30%,1,1,1,1,1,1,1,1,1,0,0,1,1,1,1,1,1,1,1,1,1,0,0,1
Ms. Pearson,8,9052,21,87.50%,1,1,1,1,1,1,1,1,1,0,1,1,1,0,1,1,1,1,1,1,1,0,1,1
Ms. Pearson,8,9060,18,75.00%,1,1,1,1,1,1,1,1,1,0,0,0,0,1,1,1,0,1,1,1,1,1,1,0
Ms. Cabezas and Ms. James,6,9066,17,70.80%,1,1,1,1,1,1,1,1,1,0,0,0,1,1,1,1,0,1,1,1,1,0,0,0
Ms. Cabezas and Ms. James,6,9068,13,54.20%,1,1,1,1,1,1,1,1,1,0,0,0,0,1,1,0,0,1,0,1,0,0,0,0
Ms. Cabezas and Ms. James,6,9070,9,37.50%,1,1,1,1,1,1,0,0,1,0,0,0,0,0,0,0,1,1,0,0,0,0,0,0
Ms. Cabezas and Ms. James,6,9072,4,16.70%,1,0,0,1,1,1,0,0,0,0,0,0,0,0,0,0,0,0,0,0,0,0,0,0
Ms. Cabezas and Ms. James,6,9076,4,16.70%,1,0,1,1,1,0,0,0,0,0,0,0,0,0,0,0,0,0,0,0,0,0,0,0
Ms. Cabezas and Ms. James,6,9078,1,4.20%,1,0,0,0,0,0,0,0,0,0,0,0,0,0,0,0,0,0,0,0,0,0,0,0
Ms. Cabezas and Ms. James,6,9080,3,12.50%,1,1,1,0,0,0,0,0,0,0,0,0,0,0,0,0,0,0,0,0,0,0,0,0
Ms. Cabezas and Ms. James,6,9082,1,4.20%,1,0,0,0,0,0,0,0,0,0,0,0,0,0,0,0,0,0,0,0,0,0,0,0
Ms. Cabezas and Ms. James,6,9084,11,45.80%,1,0,1,1,1,1,1,1,0,0,0,0,1,1,1,0,0,1,0,0,0,0,0,0
Mr. Allen,7,9086,21,87.50%,1,1,1,1,1,1,1,1,1,0,1,0,1,1,1,1,1,1,1,1,1,1,1,0
Mr. Allen,7,9088,23,95.80%,1,1,1,1,1,1,1,1,1,1,1,1,1,1,1,1,1,1,1,1,1,1,0,1
Mr. Allen,7,9090,23,95.80%,1,1,1,1,1,1,1,1,1,0,1,1,1,1,1,1,1,1,1,1,1,1,1,1
Mr. Allen,7,9092,22,91.70%,1,1,1,1,1,1,1,1,1,1,1,0,1,1,1,1,1,1,1,1,1,1,1,0
Mr. Allen,7,9094,17,70.80%,1,1,1,1,0,1,0,1,1,0,0,0,1,0,1,1,1,1,1,1,1,1,1,0
Mr. Allen,7,9096,24,100.00%,1,1,1,1,1,1,1,1,1,1,1,1,1,1,1,1,1,1,1,1,1,1,1,1
Mr. Allen,7,9100,14,58.30%,1,1,1,1,1,1,1,1,1,1,0,1,0,0,0,0,0,1,1,0,0,0,0,1
Ms. Cabezas and Ms. James,6,9102,1,4.20%,1,0,0,0,0,0,0,0,0,0,0,0,0,0,0,0,0,0,0,0,0,0,0,0
Ms. Cabezas and Ms. James,6,9104,11,45.80%,1,1,1,1,1,1,0,0,0,0,0,0,1,0,1,1,0,0,1,0,1,0,0,0
Ms. Cabezas and Ms. James,6,9118,18,75.00%,1,1,1,1,1,1,0,0,1,0,0,0,1,1,1,1,1,1,1,1,1,1,1,0
Ms. Pearson,8,9126,3,12.50%,1,0,1,0,1,0,0,0,0,0,0,0,0,0,0,0,0,0,0,0,0,0,0,0
Ms. Pearson,8,9128,7,29.20%,1,1,1,1,1,0,0,0,0,0,0,0,0,0,0,1,0,0,1,0,0,0,0,0
Ms. Pearson,8,9138,21,87.50%,1,1,1,1,1,1,1,1,1,1,1,1,1,1,0,1,1,1,1,1,1,0,0,1
Ms. Pearson,8,9144,23,95.80%,1,1,1,1,1,1,1,1,1,1,1,1,1,1,1,1,1,1,1,1,1,1,1,0
Ms. Pearson,8,9148,8,33.30%,1,1,1,1,1,1,0,0,0,0,0,0,0,0,0,0,0,0,1,0,1,0,0,0
Ms. Pearson,8,9156,6,25.00%,1,1,1,1,1,1,0,0,0,0,0,0,0,0,0,0,0,0,0,0,0,0,0,0
Ms. Cabezas and Ms. James,6,9172,1,4.20%,1,0,0,0,0,0,0,0,0,0,0,0,0,0,0,0,0,0,0,0,0,0,0,0
Ms. Cabezas and Ms. James,6,9176,9,37.50%,1,1,0,1,0,1,1,1,0,0,0,0,0,0,1,0,0,1,1,0,0,0,0,0
Ms. Cabezas and Ms. James,6,9178,18,75.00%,1,1,1,1,1,1,1,1,1,0,0,0,1,1,1,1,1,1,1,1,1,0,0,0
Ms. Cabezas and Ms. James,6,9180,1,4.20%,1,0,0,0,0,0,0,0,0,0,0,0,0,0,0,0,0,0,0,0,0,0,0,0
Ms. Cabezas and Ms. James,6,9182,6,25.00%,1,1,1,1,1,0,0,0,0,0,0,0,0,0,0,0,0,0,1,0,0,0,0,0
Ms. Cabezas and Ms. James,6,9188,13,54.20%,1,1,1,1,1,1,1,1,0,0,0,0,0,1,1,0,1,1,1,0,0,0,0,0
Ms. Cabezas and Ms. James,6,9194,4,16.70%,1,0,0,0,0,0,1,0,0,0,0,0,0,0,0,0,0,1,1,0,0,0,0,0
Ms. Cabezas and Ms. James,6,9196,23,95.80%,1,1,1,1,1,1,1,1,0,1,1,1,1,1,1,1,1,1,1,1,1,1,1,1
Ms. Cabezas and Ms. James,6,9198,3,12.50%,0,0,1,0,0,0,0,0,0,1,0,1,0,0,0,0,0,0,0,0,0,0,0,0
Ms. Cabezas and Ms. James,6,9200,17,70.80%,0,1,1,1,1,1,1,1,1,0,1,1,1,1,0,0,1,1,1,1,1,0,0,0
Ms. Cabezas and Ms. James,6,9202,15,62.50%,1,1,1,0,1,0,1,1,1,0,0,1,1,1,0,1,0,1,1,1,1,0,0,0
Ms. Cabezas and Ms. James,6,9208,3,12.50%,1,0,0,0,0,0,0,1,0,1,0,0,0,0,0,0,0,0,0,0,0,0,0,0
Ms. Cabezas and Ms. James,6,9210,10,41.70%,1,1,1,1,1,1,0,1,0,0,0,0,0,0,0,0,0,1,1,1,0,0,0,0
Ms. Cabezas and Ms. James,6,9212,3,12.50%,0,0,1,1,1,0,0,0,0,0,0,0,0,0,0,0,0,0,0,0,0,0,0,0
Ms. Cabezas and Ms. James,6,9214,2,8.30%,1,0,0,0,1,0,0,0,0,0,0,0,0,0,0,0,0,0,0,0,0,0,0,0
Ms. Cabezas and Ms. James,6,9216,16,66.70%,1,1,1,1,1,1,0,1,1,1,1,1,1,1,1,0,1,0,0,1,0,0,0,0
Ms. Cabezas and Ms. James,6,9218,16,66.70%,1,1,1,1,1,1,1,1,1,0,0,1,0,0,1,1,0,1,1,1,1,0,0,0
Ms. Cabezas and Ms. James,6,9222,4,16.70%,0,1,0,1,1,1,0,0,0,0,0,0,0,0,0,0,0,0,0,0,0,0,0,0
Ms. Cabezas and Ms. James,6,9224,18,75.00%,1,1,1,1,1,1,1,1,1,0,0,1,1,1,0,1,1,1,1,1,1,0,0,0
Ms. Pearson,8,9230,20,83.30%,1,1,1,1,1,1,1,1,1,0,0,0,1,1,1,1,1,1,1,1,1,1,1,0
Ms. Fox,7,9232,23,95.80%,1,1,1,1,1,1,1,1,1,1,1,1,1,1,1,0,1,1,1,1,1,1,1,1
Ms. Pearson,7,9238,1,4.20%,1,0,0,0,0,0,0,0,0,0,0,0,0,0,0,0,0,0,0,0,0,0,0,0
Ms. Cabezas and Ms. James,6,9298,6,25.00%,0,0,1,1,1,1,0,1,0,0,0,0,0,0,0,0,0,1,0,0,0,0,0,0
Ms. Cabezas and Ms. James,6,9300,9,37.50%,1,0,0,1,1,1,0,0,0,0,0,1,0,1,1,0,0,1,0,0,0,1,0,0
Ms. Cabezas and Ms. James,6,9302,6,25.00%,1,1,1,1,1,1,0,0,0,0,0,0,0,0,0,0,0,0,0,0,0,0,0,0
Ms. Cabezas and Ms. James,6,9304,21,87.50%,1,1,1,1,1,1,1,1,1,0,1,0,1,1,1,1,1,1,1,1,1,1,1,0
Ms. Cabezas and Ms. James,6,9306,5,20.80%,1,0,1,1,1,1,0,0,0,0,0,0,0,0,0,0,0,0,0,0,0,0,0,0
Ms. Cabezas and Ms. James,6,9308,6,25.00%,1,0,0,1,1,0,0,0,0,0,0,1,0,0,0,0,0,1,0,0,0,1,0,0
Ms. Cabezas and Ms. James,6,9310,0,0.00%,0,0,0,0,0,0,0,0,0,0,0,0,0,0,0,0,0,0,0,0,0,0,0,0
Ms. Cabezas and Ms. James,6,9322,1,4.20%,1,0,0,0,0,0,0,0,0,0,0,0,0,0,0,0,0,0,0,0,0,0,0,0
Ms. Cabezas and Ms. James,6,9324,2,8.30%,1,0,0,0,0,0,0,0,0,0,0,0,0,0,0,0,0,0,0,0,0,0,0,1
Ms. Cabezas and Ms. James,6,9326,2,8.30%,0,0,0,0,0,1,0,0,1,0,0,0,0,0,0,0,0,0,0,0,0,0,0,0
Ms. Cabezas and Ms. James,6,9328,2,8.30%,1,0,0,0,1,0,0,0,0,0,0,0,0,0,0,0,0,0,0,0,0,0,0,0
Ms. Cabezas and Ms. James,6,9330,1,4.20%,0,0,0,0,0,1,0,0,0,0,0,0,0,0,0,0,0,0,0,0,0,0,0,0
Ms. Cabezas and Ms. James,6,9334,4,16.70%,1,0,0,1,1,0,0,0,0,0,0,0,0,1,0,0,0,0,0,0,0,0,0,0
Ms. Cabezas and Ms. James,6,9336,8,33.30%,1,0,0,0,1,1,0,0,1,0,0,1,0,1,0,0,1,0,0,0,0,1,0,0
Ms. Cabezas and Ms. James,6,9338,2,8.30%,0,0,0,0,0,0,0,0,1,0,0,0,0,1,0,0,0,0,0,0,0,0,0,0
Ms. Cabezas and Ms. James,6,9340,1,4.20%,1,0,0,0,0,0,0,0,0,0,0,0,0,0,0,0,0,0,0,0,0,0,0,0
Ms. Pearson,7,9356,24,100.00%,1,1,1,1,1,1,1,1,1,1,1,1,1,1,1,1,1,1,1,1,1,1,1,1
Ms. Cabezas and Ms. James,6,9358,8,33.30%,1,1,1,1,1,1,0,0,0,0,0,0,1,0,0,0,0,1,0,0,0,0,0,0
Ms. Pearson,8,9384,24,100.00%,1,1,1,1,1,1,1,1,1,1,1,1,1,1,1,1,1,1,1,1,1,1,1,1
Ms. Pearson,4,9388,5,20.80%,1,0,1,1,1,0,0,0,0,0,0,0,0,1,0,0,0,0,0,0,0,0,0,0
Ms. Jander,3,25061,5,20.80%,1,1,1,0,1,1,0,0,0,0,0,0,0,0,0,0,0,0,0,0,0,0,0,0
Ms. Novack,7,,,,1,0,1,0,0,0,0,0,0,0,0,0,0,0,0,0,0,0,0,0,0,0,0,0
Ms. Pearson,8,,,,1,1,1,1,1,1,0,0,0,0,0,0,0,0,0,1,0,1,0,1,0,1,0,0
Ms. Cabezas and Ms. James,6,,,,1,1,1,1,1,1,1,1,1,1,1,1,1,1,1,1,1,1,1,1,1,1,1,1
Ms. Cabezas and Ms. James,6,,,,1,1,0,1,1,0,0,0,0,0,0,0,0,0,0,0,0,0,0,0,0,0,0,0
Ms. Cabezas and Ms. James,6,,,,1,1,1,1,1,1,1,1,1,0,0,0,1,1,1,1,1,1,1,1,1,0,0,0
Ms. Cabezas and Ms. James,6,,,,1,1,1,1,0,0,0,0,0,0,0,0,0,0,0,0,0,0,0,0,0,0,0,0
Mr. Wierzbinski,5,,,,1,1,1,1,1,1,0,0,0,0,0,0,0,1,1,0,0,1,0,0,0,0,0,1
Ms. Giddens,8,,,,0,0,0,0,0,0,0,0,1,0,0,0,0,1,0,0,0,0,0,0,0,0,0,0
Mr. Huddell,4,,,,1,1,1,1,0,1,1,1,1,1,1,1,0,0,0,0,0,0,0,0,0,0,0,0
Mr. Huddell,4,,,,1,1,1,0,0,1,0,0,0,0,0,0,0,0,0,0,0,0,0,0,0,0,0,0
Mr. Huddell,4,,,,1,1,1,1,1,1,0,1,1,1,0,1,0,0,0,0,1,1,0,0,0,0,1,0
Mr. Huddell,4,,,,1,1,1,1,1,1,1,0,0,0,0,0,0,0,0,0,0,0,0,0,0,0,0,0
Mr. Huddell,4,,,,1,1,1,1,1,1,1,1,0,0,0,0,0,0,0,0,0,1,0,0,0,0,0,0
Mr. Huddell,4,,,,1,1,1,1,1,1,1,1,1,0,0,0,0,0,0,0,0,0,1,1,1,0,0,0
Mr. Huddell,4,,,,1,1,1,1,1,1,0,0,0,0,0,0,0,0,1,0,0,1,0,0,0,0,0,0
Mr. Huddell,4,,,,1,1,1,1,1,1,1,1,1,1,1,1,1,1,1,1,1,1,1,1,1,1,1,1
Mr. Huddell,4,,,,1,1,1,0,1,1,0,0,0,0,0,0,0,0,0,0,0,0,0,0,0,0,0,0
Mr. Huddell,4,,,,1,1,1,1,1,1,0,0,0,0,0,0,0,0,1,0,0,1,0,1,1,0,0,0
Ms. Giddens,8,,,,1,1,1,1,1,1,0,1,0,0,0,1,1,0,1,0,0,1,1,1,1,0,0,0
Ms. Novack,7,,,,1,1,1,1,1,1,1,0,0,0,0,0,0,0,0,0,0,1,0,0,0,0,0,0
Ms. Trombino,6,,,,1,1,1,1,1,1,1,1,1,1,1,1,1,1,1,0,0,0,0,1,0,0,0,0